Application/_internal/api-ms-win-core-console-l1-1-0.dll|6df76986aec08e89ea037bc5271caaa82c69bd7eefba4fc293f92de1b1213e5e
Application/_internal/api-ms-win-core-datetime-l1-1-0.dll|c541697c3e9086c6483e88d9cc8fe8a2efc74f663da0b0662babc04d3f79000f
Application/_internal/api-ms-win-core-debug-l1-1-0.dll|fed0c40d172de4de52dc2230c5c92fd6bc8e8553619d5bb5240dcc4f025dc8cf
Application/_internal/api-ms-win-core-errorhandling-l1-1-0.dll|cdae6e7d24d4ca4b491d483135740cc60f2dfc74dd2e01779e655b9f8f85a337
Application/_internal/api-ms-win-core-fibers-l1-1-0.dll|cbb6cb7ff25363b07647ea05d01f2881837d50b04bba4debe875a4aa3a307c52
Application/_internal/api-ms-win-core-fibers-l1-1-1.dll|5ef70308bcca628ce6b0e2856b15b1c7ae340c3f9bbbc4c1071d8c191a34a5c3
Application/_internal/api-ms-win-core-file-l1-1-0.dll|02c96dde747ea574fecfb93d43dd9829236a1b22f0eb5513c0e0b27b7bdac934
Application/_internal/api-ms-win-core-file-l1-2-0.dll|682968c7640a1d55485b7c10dfdaf520b1e1c73a8be267853e80be893be3fb49
Application/_internal/api-ms-win-core-file-l2-1-0.dll|45a0eb1b83f448054536d3aa628393b7418477897e841c66384ecc7f4f18c2f2
Application/_internal/api-ms-win-core-handle-l1-1-0.dll|9986a39b7f2e067ee7d1f2b3db0b940e2b75900152f099ff41cce8ddd47565e0
Application/_internal/api-ms-win-core-heap-l1-1-0.dll|54b51444c8b6c9342fd20f5a5b0909a906acd0bdc9cf4d70134d5f8cffbe3209
Application/_internal/api-ms-win-core-interlocked-l1-1-0.dll|ff341ef2c2c389d44bbb1c919ff42ec360015985c0dae2ac760ac5acad0cb1d1
Application/_internal/api-ms-win-core-kernel32-legacy-l1-1-1.dll|5200b16cb2ddc61cfc07373a9a84aa85a3ab50806ca96c879c883275832944c1
Application/_internal/api-ms-win-core-libraryloader-l1-1-0.dll|6cbc929f814d7e931e0f6f510da1696b059c53bf66934a68d218d3342ce4a289
Application/_internal/api-ms-win-core-localization-l1-2-0.dll|3ddbcd067d495845b7134f30bcea031ad558df4acb562b2f3190941913227158
Application/_internal/api-ms-win-core-memory-l1-1-0.dll|bfa2145c3d615540193a41c9f9605018062307e9fcf1665c390f0034178ecb4a
Application/_internal/api-ms-win-core-namedpipe-l1-1-0.dll|4fcb066de08f48a490e7d50417469ab3099b4a7fe318a8845e4ec9b3e3fd52be
Application/_internal/api-ms-win-core-processenvironment-l1-1-0.dll|f3a31997c715dec8a6857d87be217c7acb893839156838ba20b5ef818ad5c9b1
Application/_internal/api-ms-win-core-processthreads-l1-1-0.dll|470e9d04a1aa19c6b84b5b10cb055ff55caabe0f45d63090865c196b66c295f5
Application/_internal/api-ms-win-core-processthreads-l1-1-1.dll|4e57ceffbc2ef0e4dbfb92854756f97d2b34d9e29db16f46c476ed360b92b1cc
Application/_internal/api-ms-win-core-profile-l1-1-0.dll|0a3a017ca780353d56157682edda4cc3a19a236625fe0f2356faf635cd4f6ace
Application/_internal/api-ms-win-core-rtlsupport-l1-1-0.dll|243c00a13c8fd6d764ebf22ec5a93492043949616561697b776fe9f62360665b
Application/_internal/api-ms-win-core-string-l1-1-0.dll|be439f71ed591f8f65b8894e84569cf3cc3363d88536e49bdd998e49e069d0e8
Application/_internal/api-ms-win-core-synch-l1-1-0.dll|83e86bee356668319f4115846ed9a571cdb37cd8a0eb036fc2a960bdeafcb526
Application/_internal/api-ms-win-core-synch-l1-2-0.dll|718bbb66ed24612c40f415ef11f07db287b1bdf0b130667689d1cdce3a1bee29
Application/_internal/api-ms-win-core-sysinfo-l1-1-0.dll|8e28db596d46ca22f16d8825bebc9406cd01d5efe4233a2eaa6b450473741766
Application/_internal/api-ms-win-core-sysinfo-l1-2-0.dll|8a0900788859d0eb51c2f48f50cc6ed376a120b518100fa20e11d7702ccde260
Application/_internal/api-ms-win-core-timezone-l1-1-0.dll|b29f3f250eed6d05bc000a1020ca65215838c3733b78293dfca459031df575f8
Application/_internal/api-ms-win-core-util-l1-1-0.dll|4f79b6338f8438e63627b174d5b1bee2d2dcfc40a6119221317fe3f0d8b1e1a0
Application/_internal/api-ms-win-crt-conio-l1-1-0.dll|7320687be8b742cd70ac0e5f1b0a854502063f9b291147785aa7355a38de162d
Application/_internal/api-ms-win-crt-convert-l1-1-0.dll|3550d96592baf95f0be865503d98f47c8c8d4d36b01190589bb7bd08585c739d
Application/_internal/api-ms-win-crt-environment-l1-1-0.dll|167a2b52964458b16aaa166de281e52c35dfe920380c9c7783a06678b665b2ba
Application/_internal/api-ms-win-crt-filesystem-l1-1-0.dll|255c9a44ed1106c673821ed4ef165788d6bcc94b2924d0fa1d36af4fc2eb0b9c
Application/_internal/api-ms-win-crt-heap-l1-1-0.dll|dd4be34d6de584a82f12803b1be98afd48bf2f82e87b8cb77141b41ea6393cd5
Application/_internal/api-ms-win-crt-locale-l1-1-0.dll|93fe93380fae70f12ebe85b92e5326321400861167ee0ac858a81d2f7fa37d4b
Application/_internal/api-ms-win-crt-math-l1-1-0.dll|6ea15153e8948e7fc9e0aee7cfc5cb7b9b8f872f94e6714bc510b9bc7291ad9b
Application/_internal/api-ms-win-crt-private-l1-1-0.dll|558ce3eb8b6fe5752008385e225df7a74eae6e8fef74ff0b23ee4ee7e21f87dd
Application/_internal/api-ms-win-crt-process-l1-1-0.dll|d92c5cd5e4e3738ac13e28e55de12e6da1ffda6f8e1c7687e0a0b4092c6b3462
Application/_internal/api-ms-win-crt-runtime-l1-1-0.dll|1aec90818ef928b5b6ca252e2ac3ffe4ecc1f169251eba720d0035dcb22ba322
Application/_internal/api-ms-win-crt-stdio-l1-1-0.dll|13328be331666a312d58b6a1b537f8b9ac8922de02e22ddcd0ec84a550e59715
Application/_internal/api-ms-win-crt-string-l1-1-0.dll|e45dd01a9f6edcf992f3c74c0eb41178851490db9123a4c738497fbf4f73ec0e
Application/_internal/api-ms-win-crt-time-l1-1-0.dll|0cf285ef569249aaa3fb95de1793fc01895f6805ada65d801302f430b62a5153
Application/_internal/api-ms-win-crt-utility-l1-1-0.dll|5f8f26b216ade615b67a41f6fbbb910972fc6153315a65bb8f09912be50215b1
Application/_internal/dbgcore.dll|9287dbd9fefac824e44121f65f207c67eab7f4692c596d72082619d4420244ee
Application/_internal/dbghelp.dll|813b916a992cccff2bb6960abde910eeaac56fd711e4ad1373cf56783e2684ea
Application/_internal/ffi.dll|eb22fc95044ce939910d41857445bd0ecc4fc4d810ba30cc6b5f7f55b48ac8ed
Application/_internal/icudt78.dll|c1007f81ff24c7ab5a892ab4c6aecc3d7403fde9937470f2bbf3a3b7c5b52745
Application/_internal/icuuc.dll|2855fd82cfa9e46923ab7238ca716596616cb11a3266175afd63b18bf2c0e416
Application/_internal/LIBBZ2.dll|a449cfcf8267757f0366cb4724b32504d288423f7e66f9a57fb6bdc818454068
Application/_internal/libexpat.dll|ad775e6521caedf3863395809e91e0fbff87b2b2a2129b32a08d08548186a9d0
Application/_internal/liblzma.dll|79d8eeb2efc25794f4e2e67c358a74aa716d2a4cff32247e7c657c73ca4a8873
Application/_internal/libmpdec-4.dll|81ff8522e6267db6e90ce68eb68eed1e3f8a508d536f68fbf70d9cee8a2a0e9d
Application/_internal/libscipy_openblas64_-860d95b1c38e637ce4509f5fa24fbf2a.dll|860d95b1c38e637ce4509f5fa24fbf2a98ba8696f9f3d28bf184bee74ad9a325
Application/_internal/msvcp140-8f141b4454fa78db34bc1f28c571b4da.dll|8f141b4454fa78db34bc1f28c571b4da0e00cd2c43f7ad0e282f313036826aae
Application/_internal/msvcp140-a4c2229bdc2a2a630acdc095b4d86008.dll|a4c2229bdc2a2a630acdc095b4d86008e5c3e3bc7773174354f3da4f5beb9cde
Application/_internal/MSVCP140.dll|8f141b4454fa78db34bc1f28c571b4da0e00cd2c43f7ad0e282f313036826aae
Application/_internal/MSVCP140_1.dll|8ce6980144fadfea52b6f14f7799e05e3232c28414fb5e617968a814be33fc1a
Application/_internal/MSVCP140_2.dll|14301dc6a6021b6e70d102535d9b9a7ad1a40cfc61e88b601a9af8b84e0096b2
Application/_internal/PIL/_imagingft.cp313-win_amd64.pyd|e94673a471a0b6fd5e92e8b6cdbdfe16e2e91bcf5689e9e4c9b391ab43788d85
Application/_internal/pyside6.abi3.dll|6f3fb0793f16e40576b71b6f88e14288efc3ac55eb7be9cb158d8ee764bf9c1d
Application/_internal/pyside6qml.abi3.dll|3b789f268d64ff315d66daaf4c6ecf414415724dcb26745c0c353ddcb77701fb
Application/_internal/Qt63DAnimation.dll|d0ef9d3be659c57cf02ca87ec82ed93745a759fbfe86effda67356bfa6d8b75d
Application/_internal/Qt63DCore.dll|10c6af5c40c1375641d4d6a35064e6021c48536277019d122d2248585a55da36
Application/_internal/Qt63DExtras.dll|9ebd088f86766ac9b40256ecb784733bcc5c5258cfe7f54df02b5890a8dfdb5a
Application/_internal/Qt63DInput.dll|223647d161005e9ec57b3a47673bc69b88193bbe0b356d7135c86f5a33bd7546
Application/_internal/Qt63DLogic.dll|e33c544e5194a142b4f89c3dd627647a3dfe4687fe473717fa521dfbf95d9b72
Application/_internal/Qt63DQuick.dll|fbaffb5c519deec6afe716ebf7f63c9acb58211e89901a87dcdee05736ec5d0e
Application/_internal/Qt63DQuickAnimation.dll|69ab700c05b74e512a0de6138ad99fb4690fbef6ef9b79744510241b38a7ae2b
Application/_internal/Qt63DQuickExtras.dll|6a961a974ceb9ddbd817e32fece633f6f9128a32f800f4a249e69afafe1cacc9
Application/_internal/Qt63DQuickInput.dll|58a7af1a3bc91c6606d219814c64c2eee5bbae07d0d3fb9e188330164d190648
Application/_internal/Qt63DQuickLogic.dll|db9d1772a1480db290be021f51d796e7c4b11e3d3b74727a29a33188e4b0ed82
Application/_internal/Qt63DQuickRender.dll|22badb66d5fb9b7bc5b3f98e3a69d09b517e7cac3292b4267c69f792eb7cf9dd
Application/_internal/Qt63DQuickScene2D.dll|63c1195c5e54c9cf6829ae8c4311e7b9e7768cc44ee04ed8e4a1efeb7cf750de
Application/_internal/Qt63DQuickScene3D.dll|76dadcd635117da2dd88c926b4cdcd2ae71dd9ceaebccc2dab5128ad5858f930
Application/_internal/Qt63DRender.dll|a802ced8acc46d12e4491bd7df66aeb474ba2651cf336e1a06a7676da5657d74
Application/_internal/Qt6Charts.dll|eff04229d4e556864076967a9a8ffae8a923ef19f3d80d5656ac34819261cc91
Application/_internal/Qt6ChartsQml.dll|0d091cea78f5e0a2aff19d27fd6c2ea5e01df83063e5660ea71faacce30e36f9
Application/_internal/Qt6Concurrent.dll|0faeda5a4b39d1b647ac67888f2b304a67bed3c04b669975139ac2d17c9c8d15
Application/_internal/Qt6Core.dll|d8c54af3d84b16c17a086451ee8ef6e821e478603ffb9b91c000a7e50d6a7f6c
Application/_internal/Qt6DataVisualization.dll|b977f827f6ddf809127574910cdc1f4e5e13d61da501327d2216e9f343a7d384
Application/_internal/Qt6DataVisualizationQml.dll|c62d956d325300c8ae4c23a50666ae0d4fbfbc99aa8776a4f601b6c7431c11f3
Application/_internal/Qt6Graphs.dll|5f30eea9085449dda968975a647d9a48386ee16aba92ff349004a1b3b3253b41
Application/_internal/Qt6Gui.dll|34bc69bb2e21c11a6f318c60430852eddac856848842cf0c5a19d22f7733992b
Application/_internal/Qt6LabsAnimation.dll|4955649b42393671c37ca39149ea0d43883442a9a5f88b89695654fb469cb597
Application/_internal/Qt6LabsFolderListModel.dll|8da317546e9376d6a1426176a00e880ca66c672dabc808f1cbf7b3d2b9321ccf
Application/_internal/Qt6LabsPlatform.dll|740bea92a2a680c82bd76d6e6684c005606dbdb2fb62438a43c88644ffb0c302
Application/_internal/Qt6LabsQmlModels.dll|722e0c177b72055e54b95eef6c49f1d465d041d356ba5fda7ec5fa277ddce94a
Application/_internal/Qt6LabsSettings.dll|2b6c28d29d1e1a16212ff3a4a9783f85ec827dbd2bfae5f3e2943f43893e58b6
Application/_internal/Qt6LabsSharedImage.dll|b3162763e91beb1bcd55697d0fee45fa1da13db1af335f88eae61b49c9b36ac1
Application/_internal/Qt6LabsWavefrontMesh.dll|d7ee2cad2899984f65463e63f738d6bacd1d465fbc773543ca3fca5c5e8d89dd
Application/_internal/Qt6Location.dll|45546a956f5e2db13e0dbd70c9fc3f27fafd6091b36ad81842f4213d93fbef08
Application/_internal/Qt6Multimedia.dll|c94124da276865a416b7494d4071bc20da952140c68d1492c206a58939e39c30
Application/_internal/Qt6MultimediaQuick.dll|346c11c94f039e59f597e47c9ca5243bdce674eb99e79bdc57569ca14c7f8f99
Application/_internal/Qt6Network.dll|e76dd832fa01d98bfe6129c47ff3d36eba54f99fa5fbc7dbca9effc2f8ceb449
Application/_internal/Qt6OpenGL.dll|1faaf09c675228d759b4986e4a395242d4e1cec34513fdf610b11e9e86319516
Application/_internal/Qt6OpenGLWidgets.dll|585b84dcd7eae8ae494fbd461460729d3da9f3fdad9a899fe5cb5460aad1c038
Application/_internal/Qt6Pdf.dll|5d7f664bf9317ae6f099291cf3de7489981af38e08b80c053217b2f5360a8cb7
Application/_internal/Qt6PdfQuick.dll|a5523c98da4ea13f2142a8e3cc1855d033c2ea1b7854a4640375038e37b36107
Application/_internal/Qt6Positioning.dll|dd598022f30cafbc4737d85ea316d8e5c9e80ea010f5ab38b58fe6def18196da
Application/_internal/Qt6PositioningQuick.dll|040cb6bfd2c3018186570a8d33c2ffca98e02b5893148b27ae54f5254f62a15f
Application/_internal/Qt6PrintSupport.dll|3d5c0353ff78df5b473d2e265add785e65e59d6f69c1e1dd476a2a469abc8357
Application/_internal/Qt6Qml.dll|d019ca3d841d4a08e699e8fb0cd5e9635b26f230785da0e28939e72aefbbb706
Application/_internal/Qt6QmlCore.dll|d4970f1ff5dfab4ecbed6c4bacea363b2f923cab8ddf36f76861e662b53d55cc
Application/_internal/Qt6QmlLocalStorage.dll|e9be373abc5934de544d06069d833e3c0108a45e3f7be723d8ca787d0b3bdc10
Application/_internal/Qt6QmlMeta.dll|6d4502219e5e5f3b1c6940a0e2a309f361fa15e2820f1a4514805660c6965351
Application/_internal/Qt6QmlModels.dll|58cedde821632ed361e90258aed35db2e8639ecd9ca43082d8f1b6d00f624065
Application/_internal/Qt6QmlNetwork.dll|8e844271ba15dc674797ba87612a11379a9d843bca003b75820bcd2f611cb15f
Application/_internal/Qt6QmlWorkerScript.dll|ebc5769a6b2f2cd01963d230d6162ad02552adbc716701693fc0e3adad910e56
Application/_internal/Qt6QmlXmlListModel.dll|ea75aa4086e2e18e798c3222d9fb1dd7d3db018769b124ba6d2ffde74517d545
Application/_internal/Qt6Quick.dll|e8d63929bb20b59443144368af1b96df4a71fe7f1ddf42e32bf3c848f3a8a344
Application/_internal/Qt6Quick3D.dll|9d762afc457825b37434a5f8a1f02d6fd3889545ac05e3a74eaf93947792dc08
Application/_internal/Qt6Quick3DAssetImport.dll|9b046a43bba7d21f3684460f926038cafa21a24fc3880ea7d810f124b31a464a
Application/_internal/Qt6Quick3DAssetUtils.dll|fb93d95db52090334dfe200c082e47d5ca1500e24d9469214f5bc66d5bdbe2f0
Application/_internal/Qt6Quick3DEffects.dll|c2aa936ecd1e978614e1b4f2436010d00dfe6baefc62748eb432cc7ad7deb06d
Application/_internal/Qt6Quick3DHelpers.dll|a22625a012909e451ed511b7fa17535f82a2e595dd71a1697c739e3e94c21bf2
Application/_internal/Qt6Quick3DHelpersImpl.dll|c0c99094f708a19432ff4bfa875ac15f840736fe48f091e52dc4a33a97782bfc
Application/_internal/Qt6Quick3DParticleEffects.dll|a600193ebfe872741b952268efd79d3c4199f066ef890d9d5854cec5a7a411f7
Application/_internal/Qt6Quick3DParticles.dll|a83afef90ef2d2c1661bfcd6189de763583660a45ea94dd02201ea3e2f77a033
Application/_internal/Qt6Quick3DRuntimeRender.dll|9c8d7ff3c7d0fd888ad0392825d34fb9163654a8ffe88f5fc06c60e1269a4bf4
Application/_internal/Qt6Quick3DSpatialAudio.dll|495744781cf425ca149544dbb93bd179b79a7015b22b94e2aa1418c6d2e10eef
Application/_internal/Qt6Quick3DUtils.dll|3e6edb14a3f2af37a1d0787f7599badca7a224d533eee1e06046353df1cd8bb2
Application/_internal/Qt6Quick3DXr.dll|ee4e586adf91448eb188c835644d705e62c49f5e4338c5ecbc731e0d120b2fbf
Application/_internal/Qt6QuickControls2.dll|5c7746786a0616a8e90fdfa1386b80ec770aa029c00302bdc78a2c5d58a193e1
Application/_internal/Qt6QuickControls2Basic.dll|80efd60911aa3fe65d9b5f44b326d299c8fd4e31aa3c5dbc97f61546aa485a37
Application/_internal/Qt6QuickControls2BasicStyleImpl.dll|cb9ee49a53d2b58cfb17129c56d5b4c69842af00141d0458b29f5fc87449b073
Application/_internal/Qt6QuickControls2FluentWinUI3StyleImpl.dll|904f9e008151b7fd006d362c22229d912bd8d382bdf5e0b8e59a1eb7afe6c4fb
Application/_internal/Qt6QuickControls2Fusion.dll|61384d144301abbdfa8e96ecbf8c431661ee1b36294c6ae10e5b364cf168cbc3
Application/_internal/Qt6QuickControls2FusionStyleImpl.dll|06930347af83f32ed3f66340e699e8ec5ddb7c24b54da51674a29541f1be642f
Application/_internal/Qt6QuickControls2Imagine.dll|71429a94d6140a659dfa0115f65a4fd89b7d12e594c7b99e950a9fc3df7efc73
Application/_internal/Qt6QuickControls2ImagineStyleImpl.dll|9ec4f834cb4889a9efcc69a597105e6b6557f18cedbea2a75aaede83588c3959
Application/_internal/Qt6QuickControls2Impl.dll|2410d1c53d86daa75839d7c645baaa541c7f60cb3f32633f70c95dbe173be7f5
Application/_internal/Qt6QuickControls2Material.dll|29e6626b9442817aac0db7df39214eb8a37f69b3dbfd8034a18fe4a4b906ffeb
Application/_internal/Qt6QuickControls2MaterialStyleImpl.dll|a168ff54e8fce02ad37cbf72b619cab35f008e81708294d60050d0f73acb4ff2
Application/_internal/Qt6QuickControls2Universal.dll|63522c1fee82d52031f6d4a28274145fcc29bccd9d3e5cc5b7bb4a891c221f2a
Application/_internal/Qt6QuickControls2UniversalStyleImpl.dll|5f93fc4551c961777f2329dcd1a81d0cfe981977ea2dd0ef521faa2b210ea7f2
Application/_internal/Qt6QuickControls2WindowsStyleImpl.dll|0bb97b14c1fbdc72be96ae72aec4f4d9d9fa1ca7f97da6efe412f29afd1f1e9e
Application/_internal/Qt6QuickDialogs2.dll|e3d58724d6844e8ca7ae741f43cff5d6b520874ab3fe32178ceb45f3cfe697fe
Application/_internal/Qt6QuickDialogs2QuickImpl.dll|c833b7c4999ae846528313a011b645b1a1104a277a12f14edb249ba0690f4c2e
Application/_internal/Qt6QuickDialogs2Utils.dll|e5759407df2480dfdb9bf3b54ecf60fad268237ee54d9f7beee17e0f671b0d8d
Application/_internal/Qt6QuickEffects.dll|3c78fb38ec6a19c9696cafa85e3aa8fa3dc8476181c814be851cb03cb89cedc0
Application/_internal/Qt6QuickLayouts.dll|40a92cfbf739a0e56598d37fb4e331ecb5f8da0ad65042d427cd1f34a916217a
Application/_internal/Qt6QuickParticles.dll|18cc61cccf421f1d18550c86c49a66e4e2af32788d3738d157c0e71a6da43c1d
Application/_internal/Qt6QuickShapes.dll|c951ed61bca2eea4f76fe2aa31697fe6915a55a91a6fb799c7eb8fe0617b1165
Application/_internal/Qt6QuickTemplates2.dll|f4998e0f522841fe03f2c1adfec10ab5edb16605037d309ed32864872d866df9
Application/_internal/Qt6QuickTest.dll|2c51b32b464eccc948463e3572d505f13ee6b5ffc3a2d5c82e029dad9dce2a52
Application/_internal/Qt6QuickTimeline.dll|8240ad89b381464e45122b2c5c1a0fabfb1a6616e92b1a90a8d7c7b610dfb656
Application/_internal/Qt6QuickTimelineBlendTrees.dll|76a35c0b6f2083f3174fd247bcb5353dbc7afebbde02cf00cfa65df77ff4ceea
Application/_internal/Qt6QuickVectorImage.dll|5a7292334fb4e0a56b218af88f2d60c3610f269c0922362ea9d901c167c27d1c
Application/_internal/Qt6QuickVectorImageGenerator.dll|42eea2c7568801237747e49fb09db8fdcf3e54a6f1bf6352b4a2075dc1c4113a
Application/_internal/Qt6QuickVectorImageHelpers.dll|63add1d723217e0fcc0ad807ce1f3e404273b24c4b475f01889c22056a2919f8
Application/_internal/Qt6RemoteObjects.dll|2b64cc0d71a7ba6d44cec5ca1801160cf807c8e4c07b0c895525b3c25d5227eb
Application/_internal/Qt6RemoteObjectsQml.dll|491a16a526d340c7d818aacc2849685de1784f69ea3816c1921803a2aa840154
Application/_internal/Qt6Scxml.dll|402946edafae17dbe6ff8583ed8deb0ddfe8a2f56fbc9170d0b6cc160133a6f0
Application/_internal/Qt6ScxmlQml.dll|26d31ea9057c92b4cdcbdf2755af0f214158db487c587d2b973a92c36ab7d8a8
Application/_internal/Qt6Sensors.dll|edc7ed7d9cd242d87c5bc4c18904aee80182db963680b819092fb60437f92193
Application/_internal/Qt6SensorsQuick.dll|9ea78c7abc31e286b6c1c968ecfc4704b4d51b6dd5809c3c9bd67d7c4b2bd4d6
Application/_internal/Qt6SerialPort.dll|7cfa6ea34605609f509b38775469c1356a61190e90d30e1e0673f8710752a5bc
Application/_internal/Qt6ShaderTools.dll|23dd2ea9bac8e25fe5f5298e17e5a7dbd19837d6eab7fc0fc51bfc70fd9be66d
Application/_internal/Qt6SpatialAudio.dll|4197bfbb6a05899be6a30e7f0f1b939e67a56e2f7d3f4c374f8182d0f0444e36
Application/_internal/Qt6Sql.dll|0c9ab8a3db475e06821906cef235908437606fb2c4a034d1924ad0002bb9f2eb
Application/_internal/Qt6StateMachine.dll|c430313ad07e19b00552ef3ab6487ea67aed5d7c71027b7ba40f08d2d4a2ea0e
Application/_internal/Qt6StateMachineQml.dll|c134b2a7d8aefa94328c35a5d204aa0475faacef1ed23a14141a9870646f8f7d
Application/_internal/Qt6Svg.dll|0cac0f1399ff6f4614ebcab05f00ec82d32fba0d5782ac56b58f12432ee8502f
Application/_internal/Qt6Test.dll|f86610e312077d5b6c4a6d2fea91929242c92891258f6dbae1b05b4f3743d5fd
Application/_internal/Qt6TextToSpeech.dll|667779a2e0ff4fd7440fcbe5a71562307afdee12d96871a3484c01b69246b0da
Application/_internal/Qt6VirtualKeyboard.dll|04a9c1b238d1a3d94970e3422f0837fc142cbeea02a10ee4c0ded9ff60043986
Application/_internal/Qt6VirtualKeyboardQml.dll|f747fe861f3f3905767fe7900cc2b0a1ed352a4542fc609abf47fd63920cce33
Application/_internal/Qt6VirtualKeyboardSettings.dll|08144dbb014d35e1b1ad78bd101d6d7f9f570a0e772c3188858f2717b314eb4e
Application/_internal/Qt6WebChannel.dll|1e2f89d1dd89e752be5bdbdc1cbf33f37c31096c777fb6ee19c98c74a3f8beca
Application/_internal/Qt6WebChannelQuick.dll|30b8160d2a2952fb670e183c8862b733df5db3bf668fe08aaf08116ae7133609
Application/_internal/Qt6WebEngineCore.dll|07a44197efd678633b4b8cff70da436fe184098954fe901064852be3e98e732b
Application/_internal/Qt6WebEngineQuick.dll|6be2c9e01864a46d661d3bef33f225581487d4ef59153d0b0e4e1c0ceb40dddb
Application/_internal/Qt6WebEngineQuickDelegatesQml.dll|c9054a31a06a9401dbcef3ea478d94e9be4f16ce1d4f410531b4f2a40807f598
Application/_internal/Qt6WebSockets.dll|7c18b83a026047e6b9a4cb74edbff4143958f5e8e3c76363fb8a390d441f226a
Application/_internal/Qt6WebView.dll|5d74a6b6d4b9e5d52b25140a35dcb812de7600de067607be62514e8e31afe7ad
Application/_internal/Qt6WebViewQuick.dll|14b807e3b3ce5c73c4d7645d21f6fd115096817fb28e8919af17d1a6d212b4c9
Application/_internal/Qt6Widgets.dll|77dff21c7f28072da5d05288822f1e750d37e3827b2e051acad01af18d8d4130
Application/_internal/shiboken6.abi3.dll|ad3dd18c1cbb1641dc9bca5bed350e0a108d90d1799ae91f0e4a83997d2d5e09
Application/_internal/ucrtbase.dll|fbed69a52fdcf571dd37fe4cc63cb86ed3732b5b998807f14968788027c00754
Application/_internal/VCOMP140.DLL|e7e50211906ab1c6226a3133fda8d8c8e35a23a8b6c6133c9606601604680b85
Application/_internal/zlib.dll|bb5e7e442c70bdfa2d3c45c9620835ecc5e98191bde2bc226b4d799a09ad30b3
