experiment_id,profile,reconstruction,trainer,consumer_suite,dataset_id,keyframes,holdout,status,blocker
prod_colmap_gsplat,production,COLMAP 3.13.0,gsplat v1.5.3,"ExportKit; Brush v0.3.0; SplatTransform v3.0.0",sha256:152be2c9901a8652daa032ab5c35a65aaf3aa83fc1deb1a1afa41a2a2a3ab33d,frozen_manifest_train,frozen_manifest_holdout,PASS,"native sm_120 forward/backward; three 7000-step scenes; trained PLYs loaded by all consumers"
prod_colmap_fastergs,production,COLMAP 3.13.0,Faster-GS ae2bf807,"ExportKit; Brush v0.3.0; SplatTransform v3.0.0",sha256:152be2c9901a8652daa032ab5c35a65aaf3aa83fc1deb1a1afa41a2a2a3ab33d,frozen_manifest_train,frozen_manifest_holdout,BLOCKED,"train-only COLMAP passed all 3 scenes; Faster-GS/NeRFICG are locked but not installed or executed"
prod_mapanything_gsplat,production,MapAnything Apache v1.1.2 plus COLMAP BA,gsplat v1.5.3,"ExportKit; Brush v0.3.0; SplatTransform v3.0.0",sha256:152be2c9901a8652daa032ab5c35a65aaf3aa83fc1deb1a1afa41a2a2a3ab33d,frozen_manifest_train,frozen_manifest_holdout,PASS,"fallback reconstruction chain and default trainer independently passed; fallback-to-training composition remains a documented risk"
prod_mapanything_fastergs,production,MapAnything Apache v1.1.2 plus COLMAP BA,Faster-GS ae2bf807,"ExportKit; Brush v0.3.0; SplatTransform v3.0.0",sha256:152be2c9901a8652daa032ab5c35a65aaf3aa83fc1deb1a1afa41a2a2a3ab33d,frozen_manifest_train,frozen_manifest_holdout,NOT_RUN,"MapAnything checkpoint and bridge plus Faster-GS/NeRFICG are absent; isolated CUDA base passes sm_120 but no trainer extension was built"
research_gluemap_gsplat,research,GLUEMAP adc9e4bb,gsplat v1.5.3,"ExportKit; Brush v0.3.0; SplatTransform v3.0.0",sha256:152be2c9901a8652daa032ab5c35a65aaf3aa83fc1deb1a1afa41a2a2a3ab33d,frozen_manifest_train,frozen_manifest_holdout,BLOCKED,"research-only; four-checkpoint license/hash closure incomplete"
research_vggtomega_gsplat,research,VGGT-Omega 39a0cb8a,gsplat v1.5.3,"ExportKit; Brush v0.3.0; SplatTransform v3.0.0",sha256:152be2c9901a8652daa032ab5c35a65aaf3aa83fc1deb1a1afa41a2a2a3ab33d,frozen_manifest_train,frozen_manifest_holdout,BLOCKED,"research-only non-commercial code/checkpoint; gated checkpoint hashes unavailable"
research_colmap_improvedgs,research,COLMAP 3.13.0,ImprovedGS 20b5db34,"ExportKit; Brush v0.3.0; SplatTransform v3.0.0",sha256:152be2c9901a8652daa032ab5c35a65aaf3aa83fc1deb1a1afa41a2a2a3ab33d,frozen_manifest_train,frozen_manifest_holdout,BLOCKED,"research-only non-commercial trainer; dependencies absent and no training was executed"
baseline_legacy_colmap_brush,reference,COLMAP legacy,Brush legacy trainer/viewer,"Brush; ExportKit loader",sha256:152be2c9901a8652daa032ab5c35a65aaf3aa83fc1deb1a1afa41a2a2a3ab33d,frozen_manifest_train,frozen_manifest_holdout,WAITING_FOR_REFERENCE,"import placeholder created; legacy versions and reference artifact were not supplied"
reference_postshot,reference,Postshot,Postshot,"Postshot visual output; ExportKit only if compatible artifact supplied",sha256:152be2c9901a8652daa032ab5c35a65aaf3aa83fc1deb1a1afa41a2a2a3ab33d,frozen_manifest_train,frozen_manifest_holdout,WAITING_FOR_REFERENCE,"import placeholder created; Postshot output and fixed-camera reference renders were not supplied"
